Instellingscode|Vestigingsnummer|Gemeentenaam volgens RIO|Gemeentecode per 1 januari 2025|Gemeentenaam per 1 januari 2025
00BH|00|DEVENTER|0150|Deventer
00BH|01|APELDOORN|0200|Apeldoorn
00BH|02|ENSCHEDE|0153|Enschede
00BM|00|UTRECHT|0344|Utrecht
00DV|00|KAMPEN|0166|Kampen
00DV|01|UTRECHT|0344|Utrecht
00DV|02|LEIDEN|0546|Leiden
00DV|03|AMSTERDAM|0363|Amsterdam
00DV|04|GRONINGEN|0014|Groningen
00EY|00|GRONINGEN|0014|Groningen
00HV|00|TILBURG|0855|Tilburg
00IC|00|ZWOLLE|0193|Zwolle
00KO|00|GRONINGEN|0014|Groningen
00KP|00|SITTARD|1883|Sittard-Geleen
00KY|00|DELFT|0503|Delft
00LB|00|ROTTERDAM|0599|Rotterdam
00LF|00|'S-GRAVENHAGE|0518|'s-Gravenhage
00LO|00|VENLO|0983|Venlo
00LV|00|'S-HERTOGENBOSCH|0796|'s-Hertogenbosch
00LX|00|TILBURG|0855|Tilburg
00MF|00|UTRECHT|0344|Utrecht
00MF|04|AMERSFOORT|0307|Amersfoort
00MF|05|HILVERSUM|0402|Hilversum
00NH|00|ENSCHEDE|0153|Enschede
00NN|00|ARNHEM|0202|Arnhem
00NN|01|NIJMEGEN|0268|Nijmegen
00PK|00|UTRECHT|0344|Utrecht
00RJ|00|WAGENINGEN|0289|Wageningen
00SX|00|ARNHEM|0202|Arnhem
00TP|00|DELFT|0503|Delft
00UK|00|ZWOLLE|0193|Zwolle
00YZ|00|UTRECHT|0344|Utrecht
00ZB|00|UTRECHT|0344|Utrecht
00ZI|00|HENGELO|0164|Hengelo
01CC|00|EMMEN|0114|Emmen
01DZ|00|DRONTEN|0303|Dronten
01DZ|01|'S-HERTOGENBOSCH|0796|'s-Hertogenbosch
01DZ|02|WAGENINGEN|0289|Wageningen
01FV|00|RHEDEN|0275|Rheden
01LT|00|AMSTERDAM|0363|Amsterdam
01MY|00|DRONTEN|0303|Dronten
01MY|01|ALMERE|0034|Almere
01VU|00|ZWOLLE|0193|Zwolle
01VU|01|LEEUWARDEN|0080|Leeuwarden
01VU|02|OEGSTGEEST|0579|Oegstgeest
01VU|03|UTRECHT|0344|Utrecht
01VU|04|UTRECHT|0344|Utrecht
01VU|05|GRONINGEN|0014|Groningen
01VU|06|ENSCHEDE|0153|Enschede
01VU|07|LELYSTAD|0995|Lelystad
01VU|08|UTRECHTSE HEUVELRUG|1581|Utrechtse Heuvelrug
01VU|09|APELDOORN|0200|Apeldoorn
01VU|10|HAARLEMMERMEER|0394|Haarlemmermeer
01VU|11|ALMERE|0034|Almere
01VU|12|AMSTERDAM|0363|Amsterdam
01VU|13|HENGELO (O)|0164|Hengelo
02BO|00|APELDOORN|0200|Apeldoorn
02BY|00|AMSTERDAM|0363|Amsterdam
02CS|00|DORDRECHT|0505|Dordrecht
02CY|00|ENSCHEDE|0153|Enschede
02DS|00|ARNHEM|0202|Arnhem
02IT|00|MAASTRICHT|0935|Maastricht
02JL|00|ENSCHEDE|0153|Enschede
02LD|00|DRIEBERGEN-RIJSENBURG|1581|Utrechtse Heuvelrug
02LD|01|AMERSFOORT|0307|Amersfoort
02LP|00|HENGELO|0164|Hengelo
02NN|00|RIJSWIJK|0603|Rijswijk
02NN|02|DELFT|0503|Delft
02NR|00|'S-GRAVENHAGE|0518|'s-Gravenhage
02NR|01|AMSTERDAM|0363|Amsterdam
02NT|00|EINDHOVEN|0772|Eindhoven
02NU|00|ARNHEM|0202|Arnhem
03BO|00|DIEMEN|0384|Diemen
03BO|01|DORDRECHT|0505|Dordrecht
03BO|02|ZAANSTAD|0479|Zaanstad
03BO|03|AMSTERDAM|0363|Amsterdam
03BO|04|HAARLEM|0392|Haarlem
03BO|05|DELFT|0503|Delft
03BO|06|ROTTERDAM|0599|Rotterdam
03DT|00|ENSCHEDE|0153|Enschede
03EP|00|GRONINGEN|0014|Groningen
03GS|00|ROTTERDAM|0599|Rotterdam
03IP|00|SITTARD|1883|Sittard-Geleen
03MG|00|ALKMAAR|0361|Alkmaar
03MG|02|ZAANSTAD|0479|Zaanstad
03MG|03|DELFT|0503|Delft
03MG|09|HAARLEM|0392|Haarlem
03YX|00|EDE|0228|Ede
04CS|00|ZEIST|0355|Zeist
04CS|01|'S-GRAVENHAGE|0518|'s-Gravenhage
04YD|00|VENLO|0983|Venlo
05LE|00|EDE|0228|Ede
06AW|00|ENSCHEDE|0153|Enschede
06BW|00|BOLSWARD|1900|Súdwest-Fryslân
06FC|00|SITTARD|1883|Sittard-Geleen
06HB|00|VENLO|0983|Venlo
07GR|00|BREDA|0758|Breda
07GR|01|ETTEN-LEUR|0777|Etten-Leur
07GR|03|BREDA|0758|Breda
07GR|04|TILBURG|0855|Tilburg
07GR|05|EINDHOVEN|0772|Eindhoven
07GR|06|'S-HERTOGENBOSCH|0796|'s-Hertogenbosch
07GR|07|ROOSENDAAL|1674|Roosendaal
08HG|00|HAARLEM|0392|Haarlem
08OK|00|HELMOND|0794|Helmond
08QI|00|NIJMEGEN|0268|Nijmegen
08QJ|00|LEIDEN|0546|Leiden
08YJ|00|HENGELO (O)|0164|Hengelo
09ON|00|ZWOLLE|0193|Zwolle
09OR|00|UTRECHT|0344|Utrecht
09OT|00|DOETINCHEM|0222|Doetinchem
10CD|00|HENGELO|0164|Hengelo
10IZ|00|UTRECHT|0344|Utrecht
10IZ|01|ZWOLLE|0193|Zwolle
10IZ|02|HELMOND|0794|Helmond
10IZ|03|ALKMAAR|0361|Alkmaar
10IZ|04|AMSTERDAM|0363|Amsterdam
10JI|00|VEGHEL|1948|Meierijstad
10KK|00|EINDHOVEN|0772|Eindhoven
10KK|01|VEGHEL|1948|Meierijstad
10KO|00|AMSTERDAM|0363|Amsterdam
10SQ|00|LEEUWARDEN|0080|Leeuwarden
10TX|00|HENGELO|0164|Hengelo
11AE|00|MAASTRICHT|0935|Maastricht
14NI|00|ROTTERDAM|0599|Rotterdam
14NK|00|TILBURG|0855|Tilburg
14RM|00|AMSTERDAM|0363|Amsterdam
14SB|00|ARNHEM|0202|Arnhem
14SK|00|'S-GRAVENHAGE|0518|'s-Gravenhage
14TP|00|TILBURG|0855|Tilburg
14UL|00|EINDHOVEN|0772|Eindhoven
14ZF|00|ARNHEM|0202|Arnhem
15BK|00|GOUDA|0513|Gouda
15BN|00|'S-GRAVENHAGE|0518|'s-Gravenhage
15CL|00|EINDHOVEN|0772|Eindhoven
15CL|01|TILBURG|0855|Tilburg
15CL|02|AMSTERDAM|0363|Amsterdam
15CL|03|UTRECHTSE HEUVELRUG|1581|Utrechtse Heuvelrug
15CL|04|UTRECHT|0344|Utrecht
15CL|05|HELMOND|0794|Helmond
15CL|06|BREDA|0758|Breda
15CW|00|ASSEN|0106|Assen
15DJ|00|SITTARD|1883|Sittard-Geleen
16OL|00|ROTTERDAM|0599|Rotterdam
16UT|00|HEERLEN|0917|Heerlen
16UX|00|AMSTERDAM|0363|Amsterdam
16YR|00|ROTTERDAM|0599|Rotterdam
17HW|00|TILBURG|0855|Tilburg
17VW|00|TILBURG|0855|Tilburg
17XA|00|ROERMOND|0957|Roermond
17XA|01|SITTARD-GELEEN|1883|Sittard-Geleen
17XA|02|VENLO|0983|Venlo
18EX|00|MAASTRICHT|0935|Maastricht
18EZ|00|'S-HERTOGENBOSCH|0796|'s-Hertogenbosch
19AU|00|EMMEN|0114|Emmen
19AY|00|DORDRECHT|0505|Dordrecht
19DB|00|HENGELO|0164|Hengelo
19HP|00|ROTTERDAM|0599|Rotterdam
19UL|00|MEPPEL|0119|Meppel
20ID|00|ROTTERDAM|0599|Rotterdam
20OV|00|DEN HELDER|0400|Den Helder
20PA|00|MAASTRICHT|0935|Maastricht
20PR|00|ENSCHEDE|0153|Enschede
21BI|00|MAASTRICHT|0935|Maastricht
21CW|00|'S-HERTOGENBOSCH|0796|'s-Hertogenbosch
21CW|01|VENLO|0983|Venlo
21HO|00|MAASTRICHT|0935|Maastricht
21HP|00|'S-GRAVENHAGE|0518|'s-Gravenhage
21HR|00|AMSTERDAM|0363|Amsterdam
21IY|00|EMMEN|0114|Emmen
21IY|01|ASSEN|0106|Assen
21IY|02|MEPPEL|0119|Meppel
21IY|03|UTRECHTSE HEUVELRUG|1581|Utrechtse Heuvelrug
21JA|00|ARNHEM|0202|Arnhem
21JA|05|ENSCHEDE|0153|Enschede
21JE|00|TILBURG|0855|Tilburg
21LA|00|ENSCHEDE|0153|Enschede
21MI|00|VLISSINGEN|0718|Vlissingen
21MI|02|TERNEUZEN|0715|Terneuzen
21MI|03|UTRECHTSE HEUVELRUG|1581|Utrechtse Heuvelrug
21MI|04|MIDDELBURG|0687|Middelburg
21MI|05|ROOSENDAAL|1674|Roosendaal
21MN|00|ALPHEN AAN DEN RIJN|0484|Alphen aan den Rijn
21PB|00|LEIDEN|0546|Leiden
21PB|12|'S-GRAVENHAGE|0518|'s-Gravenhage
21PC|00|GRONINGEN|0014|Groningen
21PC|11|LEEUWARDEN|0080|Leeuwarden
21PC|12|AMSTERDAM|0363|Amsterdam
21PC|13|BAARN|0308|Baarn
21PD|00|UTRECHT|0344|Utrecht
21PD|01|MIDDELBURG|0687|Middelburg
21PE|00|ROTTERDAM|0599|Rotterdam
21PE|01|'S-GRAVENHAGE|0518|'s-Gravenhage
21PF|00|DELFT|0503|Delft
21PF|01|'S-GRAVENHAGE|0518|'s-Gravenhage
21PF|02|AMSTERDAM|0363|Amsterdam
21PF|03|WAGENINGEN|0289|Wageningen
21PG|00|EINDHOVEN|0772|Eindhoven
21PG|02|'S-HERTOGENBOSCH|0796|'s-Hertogenbosch
21PH|00|ENSCHEDE|0153|Enschede
21PH|01|LEEUWARDEN|0080|Leeuwarden
21PH|02|AMSTERDAM|0363|Amsterdam
21PI|00|WAGENINGEN|0289|Wageningen
21PI|01|LEEUWARDEN|0080|Leeuwarden
21PI|02|BREDA|0758|Breda
21PI|03|AMSTERDAM|0363|Amsterdam
21PI|04|DELFT|0503|Delft
21PJ|00|MAASTRICHT|0935|Maastricht
21PJ|01|GRONINGEN|0014|Groningen
21PJ|02|UTRECHT|0344|Utrecht
21PJ|03|VENLO|0983|Venlo
21PJ|04|SITTARD-GELEEN|1883|Sittard-Geleen
21PK|00|AMSTERDAM|0363|Amsterdam
21PK|02|AMSTERDAM|0363|Amsterdam
21PK|03|ALMERE|0034|Almere
21PK|04|HOORN|0405|Hoorn
21PK|10|'S-GRAVENHAGE|0518|'s-Gravenhage
21PL|00|AMSTERDAM|0363|Amsterdam
21PL|02|'S-GRAVENHAGE|0518|'s-Gravenhage
21PL|03|ZWOLLE|0193|Zwolle
21PM|00|NIJMEGEN|0268|Nijmegen
21PM|01|HEERLEN|0917|Heerlen
21PM|02|AMSTERDAM|0363|Amsterdam
21PN|00|TILBURG|0855|Tilburg
21PN|02|UTRECHT|0344|Utrecht
21PN|03|'S-HERTOGENBOSCH|0796|'s-Hertogenbosch
21PV|00|ARNHEM|0202|Arnhem
21PV|01|NIJMEGEN|0268|Nijmegen
21PV|05|APELDOORN|0200|Apeldoorn
21PZ|00|ZWOLLE|0193|Zwolle
21PZ|01|KAMPEN|0166|Kampen
21QA|00|AMSTERDAM|0363|Amsterdam
21QI|00|ARNHEM|0202|Arnhem
21QI|02|APELDOORN|0200|Apeldoorn
21QL|00|'S-HERTOGENBOSCH|0796|'s-Hertogenbosch
21QL|01|BREDA|0758|Breda
21QO|00|APELDOORN|0200|Apeldoorn
21QW|00|AMSTERDAM|0363|Amsterdam
21QW|02|AMSTERDAM|0363|Amsterdam
21QW|19|ALMERE|0034|Almere
21QW|28|ALKMAAR|0361|Alkmaar
21QW|29|HEEMSKERK|0396|Heemskerk
21QW|30|MOLENWAARD|1978|Molenlanden
21RH|00|UTRECHT|0344|Utrecht
21RH|05|HILVERSUM|0402|Hilversum
21RI|00|LEIDEN|0546|Leiden
21RI|04|ROTTERDAM|0599|Rotterdam
21RI|05|ZEIST|0355|Zeist
21RI|06|'S-GRAVENHAGE|0518|'s-Gravenhage
21RJ|00|ROTTERDAM|0599|Rotterdam
21RJ|03|DORDRECHT|0505|Dordrecht
21RJ|04|'S-GRAVENHAGE|0518|'s-Gravenhage
21RJ|05|OEGSTGEEST|0579|Oegstgeest
21RJ|06|DELFT|0503|Delft
21SF|00|HAARLEM|0392|Haarlem
21SF|01|AMSTERDAM|0363|Amsterdam
21SF|02|'S-GRAVENHAGE|0518|'s-Gravenhage
21SF|03|GRONINGEN|0014|Groningen
21SF|04|DELFT|0503|Delft
21SF|07|VLISSINGEN|0718|Vlissingen
21SF|08|ROTTERDAM|0599|Rotterdam
21SF|09|UTRECHT|0344|Utrecht
21SF|10|ZWOLLE|0193|Zwolle
21SF|14|NIJMEGEN|0268|Nijmegen
21SF|15|ALKMAAR|0361|Alkmaar
21SF|16|HAARLEMMERMEER|0394|Haarlemmermeer
21TC|00|UTRECHT|0344|Utrecht
21TC|06|LEUSDEN|0327|Leusden
21TC|07|DE BILT|0310|De Bilt
21TC|12|AMERSFOORT|0307|Amersfoort
21TC|14|CULEMBORG|0216|Culemborg
21TD|00|MAASTRICHT|0935|Maastricht
21TE|00|ROTTERDAM|0599|Rotterdam
21TN|00|ENSCHEDE|0153|Enschede
21TQ|00|NIJMEGEN|0268|Nijmegen
21TQ|01|ARNHEM|0202|Arnhem
21TR|00|NIJMEGEN|0268|Nijmegen
21TR|01|ARNHEM|0202|Arnhem
21TS|00|SITTARD|1883|Sittard-Geleen
21TW|00|LEEUWARDEN|0080|Leeuwarden
21TW|01|BOLSWARD|1900|Súdwest-Fryslân
21TY|00|'S-GRAVENHAGE|0518|'s-Gravenhage
21TY|02|OEGSTGEEST|0579|Oegstgeest
21UA|00|HEERLEN|0917|Heerlen
21UA|02|SITTARD|1883|Sittard-Geleen
21UG|00|AMSTERDAM|0363|Amsterdam
21UG|01|ALKMAAR|0361|Alkmaar
21UG|02|ALMERE|0034|Almere
21UH|00|EINDHOVEN|0772|Eindhoven
21UI|00|BREDA|0758|Breda
21UI|01|HILVERSUM|0402|Hilversum
21UJ|00|DELFT|0503|Delft
21UJ|01|ALKMAAR|0361|Alkmaar
21WN|00|LEEUWARDEN|0080|Leeuwarden
21WN|02|ZWOLLE|0193|Zwolle
21WN|03|TERSCHELLING|0093|Terschelling
21WN|04|SMALLINGERLAND|0090|Smallingerland
21WN|05|GRONINGEN|0014|Groningen
21WN|06|ENSCHEDE|0153|Enschede
21WO|00|VENLO|0983|Venlo
21WO|01|EINDHOVEN|0772|Eindhoven
21ZL|00|'S-GRAVENHAGE|0518|'s-Gravenhage
21ZL|18|LEIDEN|0546|Leiden
22BO|00|TILBURG|0855|Tilburg
22BO|04|AMSTERDAM|0363|Amsterdam
22BO|06|BERGEN OP ZOOM|0748|Bergen op Zoom
22BO|09|'S-GRAVENHAGE|0518|'s-Gravenhage
22BO|12|HEERLEN|0917|Heerlen
22BO|14|HENGELO (O)|0164|Hengelo
22BO|16|ROTTERDAM|0599|Rotterdam
22BO|17|UTRECHT|0344|Utrecht
22BO|19|EINDHOVEN|0772|Eindhoven
22BO|20|NIJMEGEN|0268|Nijmegen
22BO|21|'S-HERTOGENBOSCH|0796|'s-Hertogenbosch
22BO|22|SITTARD-GELEEN|1883|Sittard-Geleen
22BO|23|MAASTRICHT|0935|Maastricht
22BP|00|'S-HERTOGENBOSCH|0796|'s-Hertogenbosch
22BQ|00|SITTARD-GELEEN|1883|Sittard-Geleen
22BQ|01|MAASTRICHT|0935|Maastricht
22EX|01|EMMEN|0114|Emmen
22EX|02|LEEUWARDEN|0080|Leeuwarden
22EX|03|GRONINGEN|0014|Groningen
22EX|04|ASSEN|0106|Assen
22EX|05|MEPPEL|0119|Meppel
22EX|06|UTRECHTSE HEUVELRUG|1581|Utrechtse Heuvelrug
22EX|07|AMSTERDAM|0363|Amsterdam
22HH|00|ZWOLLE|0193|Zwolle
22IA|00|'S-GRAVENHAGE|0518|'s-Gravenhage
22JA|00|EINDHOVEN|0772|Eindhoven
22JA|01|ZWOLLE|0193|Zwolle
22JA|02|AMSTERDAM|0363|Amsterdam
22JA|03|ROTTERDAM|0599|Rotterdam
22JA|04|GRONINGEN|0014|Groningen
22JA|05|WAGENINGEN|0289|Wageningen
22JA|06|ENSCHEDE|0153|Enschede
22JA|07|LEEUWARDEN|0080|Leeuwarden
22JA|08|APELDOORN|0200|Apeldoorn
22JA|09|VLISSINGEN|0718|Vlissingen
22JA|10|SITTARD-GELEEN|1883|Sittard-Geleen
22JA|11|NIJMEGEN|0268|Nijmegen
22JA|12|TILBURG|0855|Tilburg
22JA|13|ALKMAAR|0361|Alkmaar
22JA|14|NIEUWEGEIN|0356|Nieuwegein
22ND|00|RHEDEN|0275|Rheden
22ND|01|DEVENTER|0150|Deventer
22ND|02|DELFT|0503|Delft
22ND|03|WAGENINGEN|0289|Wageningen
22ND|04|NIJMEGEN|0268|Nijmegen
22OJ|00|ROTTERDAM|0599|Rotterdam
22OJ|02|DORDRECHT|0505|Dordrecht
22OJ|03|VLISSINGEN|0718|Vlissingen
22OJ|04|ARNHEM|0202|Arnhem
22OJ|05|GRONINGEN|0014|Groningen
22OJ|06|DELFT|0503|Delft
22OJ|07|UTRECHTSE HEUVELRUG|1581|Utrechtse Heuvelrug
23AH|00|ENSCHEDE|0153|Enschede
23AH|01|DEVENTER|0150|Deventer
23AH|02|APELDOORN|0200|Apeldoorn
23AH|03|UTRECHTSE HEUVELRUG|1581|Utrechtse Heuvelrug
23AH|04|HENGELO (O)|0164|Hengelo
23AH|05|UTRECHT|0344|Utrecht
23BF|00|UTRECHT|0344|Utrecht
23BF|01|UTRECHTSE HEUVELRUG|1581|Utrechtse Heuvelrug
23KJ|00|'S-GRAVENHAGE|0518|'s-Gravenhage
24LE|00|LEEUWARDEN|0080|Leeuwarden
24LE|01|GRONINGEN|0014|Groningen
24LK|00|LEIDERDORP|0547|Leiderdorp
24UY|01|LEIDEN|0546|Leiden
25AV|00|KAMPEN|0166|Kampen
25AV|01|UTRECHT|0344|Utrecht
25BA|00|EDE|0228|Ede
25BA|01|DORDRECHT|0505|Dordrecht
25BE|00|GRONINGEN|0014|Groningen
25BE|01|LEEUWARDEN|0080|Leeuwarden
25BE|02|AMSTERDAM|0363|Amsterdam
25BE|03|RENKUM|0274|Renkum
25BE|04|ASSEN|0106|Assen
25BE|05|UTRECHT|0344|Utrecht
25DW|00|UTRECHT|0344|Utrecht
25DW|16|AMERSFOORT|0307|Amersfoort
25DW|20|AMSTERDAM|0363|Amsterdam
25DW|21|ARNHEM|0202|Arnhem
25DW|22|DOETINCHEM|0222|Doetinchem
25DW|23|ENSCHEDE|0153|Enschede
25DW|24|'S-GRAVENHAGE|0518|'s-Gravenhage
25DW|25|HAREN GN|0014|Groningen
25DW|26|VLISSINGEN|0718|Vlissingen
25DW|27|MAASTRICHT|0935|Maastricht
25DW|28|ROTTERDAM|0599|Rotterdam
25DW|29|ZWOLLE|0193|Zwolle
25DW|33|VELSEN|0453|Velsen
25JX|00|HEERLEN|0917|Heerlen
25JX|07|SITTARD-GELEEN|1883|Sittard-Geleen
25JX|13|MAASTRICHT|0935|Maastricht
25JX|14|TILBURG|0855|Tilburg
25KB|00|ARNHEM|0202|Arnhem
25KB|01|NIJMEGEN|0268|Nijmegen
25KB|02|APELDOORN|0200|Apeldoorn
25KB|03|EDE|0228|Ede
27NF|01|ARNHEM|0202|Arnhem
27NF|02|ENSCHEDE|0153|Enschede
27NF|03|ZWOLLE|0193|Zwolle
27NF|04|KAMPEN|0166|Kampen
27PZ|00|ROTTERDAM|0599|Rotterdam
27PZ|01|DIEMEN|0384|Diemen
27PZ|02|ALKMAAR|0361|Alkmaar
27PZ|03|HAARLEM|0392|Haarlem
27PZ|05|DORDRECHT|0505|Dordrecht
27PZ|06|ZAANSTAD|0479|Zaanstad
27PZ|07|AMSTERDAM|0363|Amsterdam
27PZ|08|DELFT|0503|Delft
27PZ|09|'S-GRAVENHAGE|0518|'s-Gravenhage
27PZ|10|OEGSTGEEST|0579|Oegstgeest
27PZ|11|GRONINGEN|0014|Groningen
27PZ|12|VLISSINGEN|0718|Vlissingen
27PZ|13|UTRECHT|0344|Utrecht
27PZ|14|ZWOLLE|0193|Zwolle
27PZ|15|NIJMEGEN|0268|Nijmegen
27PZ|16|HAARLEMMERMEER|0394|Haarlemmermeer
27PZ|17|LEEUWARDEN|0080|Leeuwarden
27PZ|18|VELSEN|0453|Velsen
27UM|01|'S-GRAVENHAGE|0518|'s-Gravenhage
27UM|02|ZOETERMEER|0637|Zoetermeer
27UM|03|LEIDEN|0546|Leiden
27UM|04|RIJSWIJK|0603|Rijswijk
27UM|05|DELFT|0503|Delft
27UM|06|UTRECHT|0344|Utrecht
27XX|00|LEIDEN|0546|Leiden
27XX|01|LEIDEN|0546|Leiden
27XZ|00|UTRECHT|0344|Utrecht
27XZ|01|UTRECHT|0344|Utrecht
27YA|00|MAASTRICHT|0935|Maastricht
29PY|00|DEVENTER|0150|Deventer
29PY|01|ENSCHEDE|0153|Enschede
29PY|02|DORDRECHT|0505|Dordrecht
29PY|03|APELDOORN|0200|Apeldoorn
29PY|04|ZEIST|0355|Zeist
29PY|05|'S-GRAVENHAGE|0518|'s-Gravenhage
27YA|01|Belgie|9910|België
28DN|00|AMSTERDAM|0363|Amsterdam
28DN|01|ALMERE|0034|Almere
28DN|02|ALKMAAR|0361|Alkmaar
28DN|03|HEEMSKERK|0396|Heemskerk
28DN|04|GRAAFSTROOM|1978|Molenlanden
29PY|06|HENGELO|0164|Hengelo
29PY|07|UTRECHT|0344|Utrecht
29PY|08|NAARDEN|1942|Gooise Meren
30GB|00|EINDHOVEN|0772|Eindhoven
30GB|02|VEGHEL|1948|Meierijstad
30GB|03|VENLO|0983|Venlo
30GB|21|'S-GRAVENHAGE|0518|'s-Gravenhage
30GB|22|HENGELO (O)|0164|Hengelo
30GB|23|ROTTERDAM|0599|Rotterdam
30GB|24|UTRECHT|0344|Utrecht
30GB|26|NIJMEGEN|0268|Nijmegen
30GB|30|HELMOND|0794|Helmond
30GB|31|UTRECHTSE HEUVELRUG|1581|Utrechtse Heuvelrug
30GB|32|BREDA|0758|Breda
30GB|33|MAASTRICHT|0935|Maastricht
30GB|34|ZWOLLE|0193|Zwolle
30HD|00|RHEDEN|0275|Rheden
30HD|01|WAGENINGEN|0289|Wageningen
30GB|04|SITTARD-GELEEN|1883|Sittard-Geleen
30GB|07|WAGENINGEN|0289|Wageningen
30GB|08|'S-HERTOGENBOSCH|0796|'s-Hertogenbosch
30GB|13|TILBURG|0855|Tilburg
30GB|19|AMSTERDAM|0363|Amsterdam
30GB|20|BERGEN OP ZOOM|0748|Bergen op Zoom
30HD|02|LEEUWARDEN|0080|Leeuwarden
30TX|01|DRONTEN|0303|Dronten
30TX|02|ALMERE|0034|Almere
30TX|03|WAGENINGEN|0289|Wageningen
30TX|04|NIJMEGEN|0268|Nijmegen
30VP|00|ROTTERDAM|0599|Rotterdam
31FR|00|LEEUWARDEN|0080|Leeuwarden
31FR|01|EMMEN|0114|Emmen
31FR|02|GRONINGEN|0014|Groningen
31FR|03|MEPPEL|0119|Meppel
31FR|04|ASSEN|0106|Assen
31FR|05|TERSCHELLING|0093|Terschelling
31FR|06|ZWOLLE|0193|Zwolle
31FR|07|AMSTERDAM|0363|Amsterdam
